-- user_table

INSERT INTO user_table (user_id,fname,lname,email,password,date_of_birth,sex,phone,date_joined,other_details,country,city,comp_acc_flag,user_and_company_id,tea_flag, stu_flag)
VALUES ('5180000084', 'Hümeyra', 'Sezgin', 'hmyra407@gmail.com', '12345asd', '01.01.2000', 'F', '5380521068', '2019-06-24 10:58:43', 'Yok', 'Türkiye','İzmir', false,'123456789', false, true);
INSERT INTO user_table (user_id,fname,lname,email,password,date_of_birth,sex,phone,date_joined,other_details,country,city,comp_acc_flag,user_and_company_id,tea_flag, stu_flag)
VALUES ('5180000099', 'Selim', 'Bilir', 'selimbilir@gmail.com', '12345asd', '11.07.2000', 'M', '5325684578', '2019-10-04 06:42:58', 'Yok', 'Türkiye','İzmir', true,'234567891', false, true);
INSERT INTO user_table (user_id,fname,lname,email,password,date_of_birth,sex,phone,date_joined,other_details,country,city,comp_acc_flag,user_and_company_id,tea_flag, stu_flag)
VALUES ('5190000022', 'Melis', 'Demirezer', 'melisdmrz@gmail.com', '12345asd', '27.02.2001', 'F', '5382556424', '2020-10-21 03:15:51', 'Yok', 'Türkiye','İzmir', false,'345678912', false, true);
INSERT INTO user_table (user_id,fname,lname,email,password,date_of_birth,sex,phone,date_joined,other_details,country,city,comp_acc_flag,user_and_company_id,tea_flag, stu_flag)
VALUES ('5190000001', 'Mehmet', 'Güler', 'mhmtglr123@gmail.com', '12345asd', '14.05.2001', 'M', '5388725068', '2020-05-25 02:19:06', 'Yok', 'Türkiye','İzmir', false,'456789123', false, true);
INSERT INTO user_table (user_id,fname,lname,email,password,date_of_birth,sex,phone,date_joined,other_details,country,city,comp_acc_flag,user_and_company_id,tea_flag, stu_flag)
VALUES ('5160000074', 'Nisa', 'Doğan', 'nisadogan@gmail.com', '12345asd', '23.08.1998', 'F', '5374136955', '2018-01-02 19:16:37', 'Yok', 'Türkiye','İzmir', false,'567891234', false, true);
INSERT INTO user_table (user_id,fname,lname,email,password,date_of_birth,sex,phone,date_joined,other_details,country,city,comp_acc_flag,user_and_company_id,tea_flag, stu_flag)
VALUES ('5160000056', 'Mert', 'Bayram', 'mertbayramm@gmail.com', '12345asd', '20.04.1998', 'M', '5556481961', '2018-06-23 00:03:18', 'Yok', 'Türkiye','İzmir', true,'678912345', false, true);
INSERT INTO user_table (user_id,fname,lname,email,password,date_of_birth,sex,phone,date_joined,other_details,country,city,comp_acc_flag,user_and_company_id,tea_flag, stu_flag)
VALUES ('5200000032', 'Aylin', 'Aşık', 'aylinashak@gmail.com', '12345asd', '27.12.2002', 'F', '5572560501', '2021-06-15 08:20:10', 'Yok', 'Türkiye','İzmir', false,'789123456', false, true);
INSERT INTO user_table (user_id,fname,lname,email,password,date_of_birth,sex,phone,date_joined,other_details,country,city,comp_acc_flag,user_and_company_id,tea_flag, stu_flag)
VALUES ('5200000043', 'Tuygun', 'Sarı', 'tuygunsari@gmail.com', '12345asd', '17.11.2002', 'M', '5534750295', '2020-05-15 16:08:10', 'Yok', 'Türkiye','İzmir', false,'891234567', false, true);
INSERT INTO user_table (user_id,fname,lname,email,password,date_of_birth,sex,phone,date_joined,other_details,country,city,comp_acc_flag,user_and_company_id,tea_flag, stu_flag)
VALUES ('5100000021', 'Recep', 'Ünlü', 'recepunlu@gmail.com', '12345asd', '20.10.1992', 'M', '5334565252', '2020-10-27 23:16:28', 'Yok', 'Türkiye','İzmir', false,'912345678', false, true);
INSERT INTO user_table (user_id,fname,lname,email,password,date_of_birth,sex,phone,date_joined,other_details,country,city,comp_acc_flag,user_and_company_id,tea_flag, stu_flag)
VALUES ('5130000074', 'Ecem', 'Akçay', 'ecemakcay@gmail.com', '12345asd', '23.01.1994', 'F', '5468599060', '2020-10-05 16:43:57', 'Yok', 'Türkiye','İzmir', false,'135792468', false, true);
INSERT INTO user_table (user_id,fname,lname,email,password,date_of_birth,sex,phone,date_joined,other_details,country,city,comp_acc_flag,user_and_company_id,tea_flag, stu_flag)
VALUES ('5170000123', 'Hüseyin', 'Mutlu', 'hüsynmutlu@gmail.com', '12345asd', '20.11.1999', 'M', '5478935768', '2018-10-09 22:52:07', 'Yok', 'Türkiye','İzmir', true,'357924681', false, true);
INSERT INTO user_table (user_id,fname,lname,email,password,date_of_birth,sex,phone,date_joined,other_details,country,city,comp_acc_flag,user_and_company_id,tea_flag, stu_flag)
VALUES ('5170000073', 'Güneş', 'Sare', 'gunesare@gmail.com', '12345asd','31.01.1999', 'F', '5424935810', '2018-12-08 10:03:42', 'Yok', 'Türkiye','İzmir', false,'579247813', false, true);
INSERT INTO user_table (user_id,fname,lname,email,password,date_of_birth,sex,phone,date_joined,other_details,country,city,comp_acc_flag,user_and_company_id,tea_flag, stu_flag)
VALUES ('5150000045', 'Doruk', 'Boblanlı', 'dorukboblanli@gmail.com', '12345asd', '14.09.1997', 'M', '5377550022', '2020-10-18 15:04:20', 'Yok', 'Türkiye','İzmir', false,'579246813', false, true);
INSERT INTO user_table (user_id,fname,lname,email,password,date_of_birth,sex,phone,date_joined,other_details,country,city,comp_acc_flag,user_and_company_id,tea_flag, stu_flag)
VALUES ('5150000073', 'Selin', 'Demirci', 'selindemirci@gmail.com', '12345asd', '15.06.1997', 'F', '5337961919', '2018-10-02 22:14:14', 'Yok', 'Türkiye','İzmir', false,'814246813', false, true);
INSERT INTO user_table (user_id,fname,lname,email,password,date_of_birth,sex,phone,date_joined,other_details,country,city,comp_acc_flag,user_and_company_id,tea_flag, stu_flag)
VALUES ('5210000053', 'Murat', 'Duman', 'muratduman@gmail.com', '12345asd', '14.02.2003', 'M', '5423235046', '2020-04-05 12:05:09', 'Yok', 'Türkiye','İzmir', false,'579242223', false, true);
INSERT INTO user_table (user_id,fname,lname,email,password,date_of_birth,sex,phone,date_joined,other_details,country,city,comp_acc_flag,user_and_company_id,tea_flag, stu_flag)
VALUES ('5210000072', 'Lara', 'Kalyoncu', 'larakalyoncu@gmail.com', '12345asd', '21.01.2003', 'F', '5315460301', '2020-03-12 20:52:03', 'Yok', 'Türkiye','İzmir', false,'573336813', false, true);
INSERT INTO user_table (user_id,fname,lname,email,password,date_of_birth,sex,phone,date_joined,other_details,country,city,comp_acc_flag,user_and_company_id,tea_flag, stu_flag)
VALUES ('5180000080', 'Berat', 'Duran', 'beratduran@gmail.com', '12345asd', '11.02.1998', 'M', '5345899631', '2020-06-24 18:02:46', 'Yok', 'Türkiye','İzmir', false,'579458913', false, true);
INSERT INTO user_table (user_id,fname,lname,email,password,date_of_birth,sex,phone,date_joined,other_details,country,city,comp_acc_flag,user_and_company_id,tea_flag, stu_flag)
VALUES ('5180000013', 'Ayşegül', 'Altın', 'aysegülaltiin@gmail.com', '12345asd', '29.10.1999', 'F', null, '2020-04-26 04:20:52', 'Yok', 'Türkiye','İzmir', false,'579185413', false, true);
INSERT INTO user_table (user_id,fname,lname,email,password,date_of_birth,sex,phone,date_joined,other_details,country,city,comp_acc_flag,user_and_company_id,tea_flag, stu_flag)
VALUES ('5190000053', 'Burak', 'Göse', 'burakgose@gmail.com', '12345asd', '18.03.2000', 'M', null, '2019-11-10 23:30:36', 'Yok', 'Türkiye','İzmir', false,'579291753', false, true);
INSERT INTO user_table (user_id,fname,lname,email,password,date_of_birth,sex,phone,date_joined,other_details,country,city,comp_acc_flag,user_and_company_id,tea_flag, stu_flag)
VALUES ('5190000103', 'Nihan', 'Aydın', 'nihanaydin@gmail.com', '12345asd', '19.05.2001', 'F', '5380711969', '2019-07-06 23:53:59', 'Yok', 'Türkiye','İzmir', false,'579282143', false, true);
INSERT INTO user_table (user_id,fname,lname,email,password,date_of_birth,sex,phone,date_joined,other_details,country,city,comp_acc_flag,user_and_company_id,tea_flag, stu_flag)
VALUES('5000000012', 'Mehmet', 'Güner', 'mehmetguner@gmail.com', '12345asd', '21.01.1975', 'M', '5382331949', '2021-04-27 18:02:22', 'Yok', 'Türkiye','İzmir', true,'579241414', true, false);
INSERT INTO user_table (user_id,fname,lname,email,password,date_of_birth,sex,phone,date_joined,other_details,country,city,comp_acc_flag,user_and_company_id,tea_flag, stu_flag)
VALUES('5000000028', 'Melis', 'Çiçek', 'meliscicek@gmail.com', '12345asd', '11.02.1968', 'F', '5356714859', '2020-06-04 20:35:09', 'Yok', 'Türkiye','İzmir', false,'579245252', true, false);
INSERT INTO user_table (user_id,fname,lname,email,password,date_of_birth,sex,phone,date_joined,other_details,country,city,comp_acc_flag,user_and_company_id,tea_flag, stu_flag)
VALUES('5000000019', 'Barış', 'Egeli', 'barisegeli@gmail.com', '12345asd', '29.10.1970', 'M', '5556481721', '2020-10-02 21:29:08', 'Yok', 'Türkiye','İzmir', false,'579246363', true, false);
INSERT INTO user_table (user_id,fname,lname,email,password,date_of_birth,sex,phone,date_joined,other_details,country,city,comp_acc_flag,user_and_company_id,tea_flag, stu_flag)
VALUES('5000000022', 'Damla', 'Bulur', 'damlabulur@gmail.com', '12345asd', '18.03.1972', 'F', '5381052345', '2018-12-04 23:07:05', 'Yok', 'Türkiye','İzmir', false,'579244128', true, false);
INSERT INTO user_table (user_id,fname,lname,email,password,date_of_birth,sex,phone,date_joined,other_details,country,city,comp_acc_flag,user_and_company_id,tea_flag, stu_flag)
VALUES('5000000010', 'Nesrin', 'Pulcu', 'nesrinpulcu@gmail.com', '12345asd', '19.05.1978', 'F', '5331599551', '2021-06-14 16:58:12', 'Yok', 'Türkiye','İzmir', false,'579242574', true, false);
INSERT INTO user_table (user_id,fname,lname,email,password,date_of_birth,sex,phone,date_joined,other_details,country,city,comp_acc_flag,user_and_company_id,tea_flag, stu_flag)
VALUES('2000000222', 'Onur', 'Erdem', 'onurerdem@gmail.com', '12345asd', '10.02.1994', 'M', '5326552345', '2020-11-04 22:07:05', 'Yok', 'Türkiye','İzmir', true,'579223813', true, true);
INSERT INTO user_table (user_id,fname,lname,email,password,date_of_birth,sex,phone,date_joined,other_details,country,city,comp_acc_flag,user_and_company_id,tea_flag, stu_flag)
VALUES('2000000211', 'Merve', 'Kara', 'mervekara@gmail.com', '12345asd', '30.05.1992', 'F', '5331716951', '2019-02-13 22:58:14', 'Yok', 'Türkiye','İzmir', false,'579536743', true, true);
INSERT INTO user_table (user_id,fname,lname,email,password,date_of_birth,sex,phone,date_joined,other_details,country,city,comp_acc_flag,user_and_company_id,tea_flag, stu_flag)
VALUES('3000000222', 'Kadir', 'Akyüz', 'kadirakyüz@gmail.com', '12345asd', '08.01.1982', 'M', '5353352345', '2020-11-12 12:07:04', 'Yok', 'Türkiye','İzmir', true,'522223813', false, false);
INSERT INTO user_table (user_id,fname,lname,email,password,date_of_birth,sex,phone,date_joined,other_details,country,city,comp_acc_flag,user_and_company_id,tea_flag, stu_flag)
VALUES('3000000211', 'İrem', 'Tokgöz', 'iremtokgoz@gmail.com', '12345asd', '10.04.1985', 'F', '5301016951', '2020-04-19 10:46:04', 'Yok', 'Türkiye','İzmir', true,'573336723', false, false);
INSERT INTO user_table (user_id,fname,lname,email,password,date_of_birth,sex,phone,date_joined,other_details,country,city,comp_acc_flag,user_and_company_id,tea_flag, stu_flag)
VALUES ('3000000011', 'Mehmet', 'Saygılı', 'mehmetsaygili@gmail.com', '12345asd', '01.02.1994', 'M', '5382321068', '2021-06-24 10:58:43', 'Yok', 'Türkiye','İzmir', false,'456121278', false, true),
        ('3000000012', 'Murat', 'Göktaş', 'mustafagoktas@gmail.com', '12345asd', '01.05.1993', 'M', '5382855468', '2020-05-24 10:58:43', 'Yok', 'Türkiye','İzmir', false,'456121288', false, true);

-- company

INSERT INTO company
(company_id, company_name, about, user_and_company_id, user_id, date_created)
VALUES('35451000000', 'yazılım fırtınası', 'İyi biryazılım şirketiyiz.', '573336755', '3000000211', '2020-07-27 16:22:07.000 +0300');
INSERT INTO company
(company_id, company_name, about, user_and_company_id, user_id, date_created)
VALUES('35451000001', 'donanım fırtınası', 'İyi bir donanım şirketiyiz.', '573336850', '3000000211', '2020-07-27 16:22:07.000 +0300');
INSERT INTO company
(company_id, company_name, about, user_and_company_id, user_id, date_created)
VALUES('35451000002', 'bol ye', 'Eleman yetiştirmede ve porsiyonda bizden iddialı varsa gelsin.', '579241422', '5000000012', '2021-04-27 20:02:22.000 +0300');
INSERT INTO company
(company_id, company_name, about, user_and_company_id, user_id, date_created)
VALUES('35451000003', 'sağlam kumaş', '2 yıl garantili kıyafetlerimize yeni elemanlarımızla +1 ekleriz.','234543211', '5180000099', '2018-10-04 07:22:38.000 +0300');
INSERT INTO company
(company_id, company_name, about, user_and_company_id, user_id, date_created)
VALUES('35451000004', 'kablolu hayatlar', 'Yeni piyasaya girmiş bir donanım şiketiyiz. İsteğimiz şirketteki herkesle kablolu bağlantı çekebilmek.', '635912345', '5160000056', '2022-01-08 03:43:55.000 +0300');

-- university

INSERT INTO university (university_id, uni_loc, uni_name)
VALUES (1,'İzmir,Türkiye','Ege Üniversitesi');
INSERT INTO university (university_id, uni_loc, uni_name)
VALUES(2,'Ankara,Türkiye','Orta Doğu Teknik Üniversitesi');

-- department

INSERT INTO department (dept_id, dept_name, uni_id)
VALUES ('1000001','Bilgisayar Mühendisliği',1);
INSERT INTO department (dept_id, dept_name, uni_id)
VALUES('1000002','Makine Mühendisliği',1);
INSERT INTO department (dept_id, dept_name, uni_id)
VALUES('1000003','Tıp',1);
INSERT INTO department (dept_id, dept_name, uni_id)
VALUES('1000004','Hemşirelik',1);
INSERT INTO department (dept_id, dept_name, uni_id)
VALUES('1000005','Fizik',1);
INSERT INTO department (dept_id, dept_name, uni_id)
VALUES ('2000001','Bilgisayar Mühendisliği',2);
INSERT INTO department (dept_id, dept_name, uni_id)
VALUES('2000002','Makine Mühendisliği',2);
INSERT INTO department (dept_id, dept_name, uni_id)
VALUES('2000003','Tıp',2);
INSERT INTO department (dept_id, dept_name, uni_id)
VALUES('2000004','Hemşirelik',2);
INSERT INTO department (dept_id, dept_name, uni_id)
VALUES('2000005','Fizik',2);

-- course

INSERT INTO course (course_id, course_name, semester, enroll_key, dept_id)
VALUES ('1100001','Yapay Zeka', 'Güz','yapayzeka18','1000001'),
('1100002','Fizik1','Güz','fizik19','1000002'),
('1100003','Anatomi','Bahar','anatomi20','1000003'),
('1100004','Evde Sağlık','Güz','evdesaglik18','1000004'),
('1100005','Diferansiyel Denklemler','Bahar','difdenk21','1000005'),
('2200001','Yapay Zeka','Güz','yapayzeka18','2000001'),
('2200002','Fizik1','Güz','fizik19','2000002'),
('2200003','Anatomi','Bahar','anatomi20','2000003'),
('2200004','Evde Sağlık','Güz','evdesaglik18','2000004'),
('2200005','Diferansiyel Denklemler','Bahar','difdenk21','2000005');

INSERT INTO course (course_id,course_name,semester,enroll_key,dept_id)
VALUES  ('1102011','Yapay Zeka','Güz','yapayzeka11','1000002'),
        ('1101101','Yapay Zeka','Güz','yapayzeka111','2000002'),
        ('1100055','Diferansiyel Denklemler','Bahar','difdenk19','1000001'),
        ('1100555','Diferansiyel Denklemler','Bahar','difdenk20','1000002'),
        ('2200055','Diferansiyel Denklemler','Bahar','difdenk20','2000001'),
        ('2200555','Diferansiyel Denklemler','Bahar','difdenk20','2000002'),
        ('1100022','Fizik1','Güz','fizik02','1000001'),
        ('1100122','Fizik1','Güz','fizik12','1000003'),
        ('1100222','Fizik1','Güz','fizik22','1000004'),
        ('1100322','Fizik1','Güz','fizik32','1000005'),
        ('2200022','Fizik1','Güz','fizik21','2000001'),
        ('2200122','Fizik1','Güz','fizik33','2000003'),
        ('2200222','Fizik1','Güz','fizik44','2000004'),
        ('2200322','Fizik1','Güz','fizik11','2000005'),
        
        ('1100100','Matematik','Güz','mat111','1000001'),
        ('1100101','Matematik','Güz','mat123','1000002'),
        ('1100102','Matematik','Güz','mat321','1000003'),
        ('1100103','Matematik','Güz','mat112','1000004'),
        ('1100104','Matematik','Güz','mat113','1000005'),
        ('2200100','Matematik','Güz','mat211','2000001'),
        ('2200101','Matematik','Güz','mat212','2000002'),
        ('2200102','Matematik','Güz','mat213','2000003'),
        ('2200103','Matematik','Güz','mat214','2000004'),
        ('2200104','Matematik','Güz','mat215','2000005'),
        
        
        ('1100006','Anatomi','Bahar','anatomi20','1000004'), 
        ('1100007','Histoloji','Güz','hist15','1000004'), 
        ('1100008','Histoloji','Güz','hist16','1000005'), 
        ('1100009','Fizyoloji','Güz','fiz16','1000004'), 
        ('1100010','Fizyoloji','Güz','fiz16','1000003'), 
        ('1100011','Epidemoloji','Güz','hist15','1000003'), 
        ('2200012','Anatomi','Bahar','anatomi20','2000004'), 
        ('2200013','Histoloji','Güz','hist15','2000004'), 
        ('2200014','Histoloji','Güz','hist16','2000003'), 
        ('2200015','Fizyoloji','Güz','fiz16','2000004'), 
        ('2200016','Fizyoloji','Güz','fiz16','2000003'), 
        ('2200017','Epidemoloji','Güz','hist15','2000003'),
        
        ('1100018','Optik','Bahar','optik10','1000005'),
        ('1100019','Lineer Cebir','Bahar','lineer05','1000005'),
        ('2200018','Optik','Bahar','optik03','2000005'),
        ('2200019','Lineer Cebir','Güz','lineer06','2000005'),
        
        ('1100020','Database','Güz','data00','1000001'),
        ('2200021','Database','Güz','data01','2000001'),
        ('1100023','Mukavemet','Bahar','muko12','1000002'),
        ('2200023','Mukavemet','Bahar','muko21','2000002');

-- student

UPDATE student SET department_id='1000001', class=3 WHERE user_id='5180000084';
UPDATE student SET department_id='2000001', class=3 WHERE user_id='5180000099';
UPDATE student SET department_id='1000002', class=2 WHERE user_id='5190000022';
UPDATE student SET department_id='1000002', class=2 WHERE user_id='5190000002';
UPDATE student SET department_id='2000002', class=4 WHERE user_id='5160000074';
UPDATE student SET department_id='2000002', class=4 WHERE user_id='5160000056';
UPDATE student SET department_id='1000003', class=1 WHERE user_id='5200000032';
UPDATE student SET department_id='1000003', class=2 WHERE user_id='5200000043';
UPDATE student SET department_id='2000003', class=2 WHERE user_id='5100000021';
UPDATE student SET department_id='2000003', class=2 WHERE user_id='5130000074'; 
UPDATE student SET department_id='1000004', class=3 WHERE user_id='5170000123';
UPDATE student SET department_id='1000004', class=3 WHERE user_id='5170000073';
UPDATE student SET department_id='2000004', class=1 WHERE user_id='5150000045';
UPDATE student SET department_id='2000004', class=4 WHERE user_id='5150000073';
UPDATE student SET department_id='1000005', class=1 WHERE user_id='5210000053';
UPDATE student SET department_id='1000005', class=1 WHERE user_id='5210000072';
UPDATE student SET department_id='2000005', class=1 WHERE user_id='5180000080';
UPDATE student SET department_id='2000005', class=2 WHERE user_id='5180000013';
UPDATE student SET department_id='1000001', class=2 WHERE user_id='5190000053';
UPDATE student SET department_id='2000005', class=2 WHERE user_id='5190000103';
UPDATE student SET department_id='1000002' WHERE user_id='2000000222';
UPDATE student SET department_id='1000002' WHERE user_id='2000000211';
UPDATE student SET department_id='1000002', class =2 WHERE user_id='5190000001';
UPDATE student SET department_id='2000001' WHERE user_id='2000000211';
UPDATE student
SET department_id='1000001', class=NULL, student_type='grad'
WHERE user_id LIKE '3%';

-- teacher

UPDATE teacher SET rank='Dr' WHERE user_id='5000000019';
UPDATE teacher SET rank='Prof' WHERE user_id='5000000012';
UPDATE teacher SET rank='Assoc Prof' WHERE user_id='5000000028';

-- assignments

INSERT INTO assignments (asg_name, course_id, asg_context, due_date, assign_date)
VALUES  ('proje1','1100001','Proje süresi 4 gündür.','01.04.2022','05.04.2022'),
        ('odev4','1100003','Odevin süresi 2 gündür.','11.05.2022','13.05.2022'),
        ('proje2','2200002','Proje süresi 10 gündür.','05.03.2022','15.03.2022'),
        ('odev3','2200004','Odevin süresi 2 gündür.','10.06.2022','12.06.2022'),
        ('Odev1','1100101','1. Ev Odevi','2022-02-01 00:00:00+03','2022-02-10 00:00:00+03'),
        ('Odev1','2200013','1. Ev Odevi','2022-01-10 00:00:00+03','2022-02-10 00:00:00+03'),
        ('Odev2','1100122','2. Ev Odevi','2022-01-01 00:00:00+03','2022-02-01 00:00:00+03'),
        ('Proje3','1100055','3. Proje','2022-02-01 00:00:00+03','2022-02-11 00:00:00+03'),
        ('Proje2','1100019','2. Proje','2022-02-05 00:00:00+03','2022-02-28 00:00:00+03'),
        ('Odev2','2200001','2. Ev Odevi','2022-02-10 00:00:00+03','2022-02-20 00:00:00+03'),
        ('Odev3','2200017','3. Ev Odevi','2022-02-15 00:00:00+03','2022-02-25 00:00:00+03'),
        ('Proje1','1100023','1. Proje','2022-02-20 00:00:00+03','2022-02-28 00:00:00+03');

-- employs

INSERT INTO employs (department_id, user_id)
VALUES('1000001','5000000012'),
    ('1000005','5000000012'),
    ('1000002','5000000028'),
    ('1000004','5000000028'),
    ('1000003','5000000019'),
    ('2000001','5000000010'),
    ('2000003','5000000022'),
    ('2000002','5000000010'),
    ('1000001','2000000222'),
    ('2000001','2000000211'),
    ('2000004','5000000022'),
    ('2000005','2000000211');

-- manages 

INSERT INTO manages (course_id, user_id)
VALUES ('1100001','5000000012'),
    ('1100002','5000000028'),
    ('1100003','5000000019'),
    ('1100004','5000000028'),
    ('1100005','5000000012'),
    ('2200001','5000000010'),
    ('2200002','5000000010'),
    ('2200003','5000000022'),
    ('2200004','5000000022'),
    ('2200005','2000000211'),
    ('1100001','2000000222'),
    ('2200001','2000000211'),
    ('2200004','2000000211');

-- takes

INSERT INTO takes (course_id,user_id)
VALUES    ('1100100','5180000084'),
        ('1100100','5190000053'),
        ('1100020','5180000084'),
        ('1100020','5190000053'),
        ('1100001','5180000084'),
        ('1100001','5190000053'),
        ('1100022','5180000084'),
        ('1100022','5190000053'),
        ('1100055','5180000084'),
        ('1100055','5190000053'),
        
        ('1100555','5190000001'),
        ('1100555','5190000022'),
        ('1100101','5190000001'),
        ('1100101','5190000022'),
        ('1102011','5190000001'),
        ('1102011','5190000022'),
        ('1100002','5190000001'),
        ('1100002','5190000022'),
        ('1100023','5190000001'),
        ('1100023','5190000022'),
        
        ('1100003','5200000032'),
        ('1100003','5200000043'),
        ('1100122','5200000032'),
        ('1100122','5200000043'),
        ('1100102','5200000032'),
        ('1100102','5200000043'),
        ('1100010','5200000032'),
        ('1100010','5200000043'),
        
        ('1100007','5170000123'),
        ('1100007','5170000073'),
        ('1100222','5170000123'),
        ('1100222','5170000073'),
        ('1100004','5170000123'),
        ('1100004','5170000073'),
        ('1100006','5170000123'),
        ('1100006','5170000073'),
        ('1100103','5170000123'),
        ('1100103','5170000073'),
        ('1100009','5170000123'),
        ('1100009','5170000073'),
        
        ('1100018','5210000053'),
        ('1100018','5210000072'),
        ('1100008','5210000053'),
        ('1100008','5210000072'),
        ('1100322','5210000053'),
        ('1100322','5210000072'),
        ('1100019','5210000053'),
        ('1100019','5210000072'),
        ('1100005','5210000053'),
        ('1100005','5210000072'),
        ('1100104','5210000053'),
        ('1100104','5210000072'),
        
        ('2200100','5180000099'),
        ('2200055','5180000099'),
        ('2200021','5180000099'),
        ('2200022','5180000099'),
        ('2200001','5180000099'),
        
        ('2200023','5160000056'),
        ('2200023','5160000074'),
        ('2200002','5160000056'),
        ('2200002','5160000074'),
        ('1101101','5160000056'),
        ('1101101','5160000074'),
        ('2200555','5160000056'),
        ('2200555','5160000074'),
        ('2200101','5160000056'),
        ('2200101','5160000074'),
        
        ('2200003','5100000021'),
        ('2200003','5130000074'),
        ('2200102','5100000021'),
        ('2200102','5130000074'),
        ('2200014','5100000021'),
        ('2200014','5130000074'),
        ('2200016','5100000021'),
        ('2200016','5130000074'),
        ('2200017','5100000021'),
        ('2200017','5130000074'),
        ('2200122','5100000021'),
        ('2200122','5130000074'),
        
        ('2200103','5150000045'),
        ('2200103','5150000073'),
        ('2200222','5150000045'),
        ('2200222','5150000073'),
        ('2200012','5150000045'),
        ('2200012','5150000073'),
        ('2200013','5150000045'),
        ('2200013','5150000073'),
        ('2200015','5150000045'),
        ('2200015','5150000073'),
        ('2200004','5150000045'),
        ('2200004','5150000073'),
        
        ('2200104','5180000013'),
        ('2200104','5180000080'),
        ('2200104','5190000103'),
        ('2200005','5180000013'),
        ('2200005','5180000080'),
        ('2200005','5190000103'),
        ('2200322','5180000013'),
        ('2200322','5180000080'),
        ('2200322','5190000103'),
        ('2200018','5180000013'),
        ('2200018','5180000080'),
        ('2200018','5190000103'),
        ('2200019','5180000013'),
        ('2200019','5180000080'),
        ('2200019','5190000103');

-- events

INSERT INTO events (event_id, event_name, event_start_date, event_end_date, event_description, user_and_company_id)
VALUES ('121212','1.Mezun Buluşması', '01.05.2022','01.05.2022','Ege Üniversitesi Bilgisayar Mühendisliği 1. Mezun Buluşması', '579536743');
INSERT INTO events (event_id, event_name, event_start_date, event_end_date, event_description, user_and_company_id)
VALUES('131313','Robotics', '12.04.2022','12.05.2022','Üniversiteler Arası Robot Yarışması', '579223813');
INSERT INTO events (event_id, event_name, event_start_date, event_end_date, event_description, user_and_company_id)
VALUES('141414','Staj Deneyim Günlükleri', '10.06.2022','15.06.2022','Stajyer ve çalışanların buluştuğu seminerler', '567891234');

-- job_adv

INSERT INTO job_adv
(job_id, company_id, job_name, job_desc, job_type, publish_date)
VALUES('54330000001','35451000004' ,'anakart teknikeri', 'Şirkete düzenli vakit ayırabilecek birini arıyoruz.', 'anakart düzeni ve işleyişi', '2022-01-08 03:44:45.000 +0300');
INSERT INTO job_adv
(job_id, company_id, job_name, job_desc, job_type, publish_date)
VALUES('54330000002', '35451000004', 'anakart tamircisi', 'Az maliyetle tamir edebilecek çalışan arıyoruz. Süre bizim için 2. plandadır.', 'parça tamiri', '2022-01-08 03:44:50.000 +0300');
INSERT INTO job_adv
(job_id, company_id, job_name, job_desc, job_type, publish_date)
VALUES('54330000003', '35451000003', 'Tekstil mühendisliği öğrencisi', 'İşi öğrenip bizle devam edebilecek elemanlar arıyoruz.', 'eğitim', '2020-03-04 03:35:38.000 +0300');
INSERT INTO job_adv
(job_id, company_id, job_name, job_desc, job_type, publish_date)
VALUES('54330000004', '35451000000','Django developer' ,'Django bilen eleman aranır.', 'yazılımcı', '2020-07-28 13:23:47.000 +0300');
INSERT INTO job_adv
(job_id, company_id, job_name, job_desc, job_type, publish_date)
VALUES('54330000005', '35451000000','Front-end developer' ,'Html css js bilen eleman aranır.', 'yazılımcı', '2020-07-29 14:22:27.000 +0300');

-- apply_job

INSERT INTO apply_job (user_id, job_id, company_id, cv)
VALUES ('5180000084','54330000001','35451000004','humeyrasezginCV.pdf'),
    ('5180000099','54330000002','35451000004','selimbilirCV.pdf'),
    ('5150000073','54330000003','35451000003','selindemirciCV.pdf'),
    ('5130000074','54330000004','35451000000','ecemakcayCV.pdf');

-- connections

INSERT INTO connections (user1_id, user2_id,status)
VALUES     ('5150000073','5000000010',true),
        ('5190000001','5180000099',true),
        ('2000000222','5200000043',true),
        ('2000000222','5000000010',false);

-- join_event

INSERT INTO join_event VALUES('5150000073','121212');
INSERT INTO join_event VALUES('5100000021','121212');
INSERT INTO join_event VALUES('5160000074','121212');
INSERT INTO join_event VALUES('5170000123','131313');
INSERT INTO join_event VALUES('5210000072','131313');
INSERT INTO join_event VALUES('5190000053','131313');
INSERT INTO join_event VALUES('5170000073','141414');
INSERT INTO join_event VALUES('5180000084','141414');
INSERT INTO join_event VALUES('5180000099','141414');

-- follow

insert into follow(follower_id,following_id,follow_date) values('579536743','579247813','2022-01-15 10:03:42.000 +0300');
insert into follow(follower_id,following_id,follow_date) values('579247813','579536743','2022-01-16 13:07:12.000 +0300');
insert into follow(follower_id,following_id,follow_date) values('579223813','579242223','2020-07-07 23:05:09.000 +0300');
insert into follow(follower_id,following_id,follow_date) values('579241414','635912345','2022-01-09 03:46:55.000 +0300');
insert into follow(follower_id,following_id,follow_date) values('635912345','579241414','2022-01-10 05:43:55.000 +0300');
insert into follow(follower_id,following_id,follow_date) values('579282143','579241414','2022-01-11 05:42:55.000 +0300');
insert into follow(follower_id,following_id,follow_date) values('789123456','579282143','2022-01-05 05:23:35.000 +0300');

-- post

INSERT INTO post 
VALUES('900','yarışma posteri','2020-12-10','123456789'),
('901','python için kaynak önerileri','2021-11-21','234567891'),
('902','c# için proje önerisi','2020-10-12','678912345'),
('903','en güzel ui hangisi','2021-09-27','912345678'),
('904','mobil programlama çalışma kağıtları','2021-01-03','234567891'),
('905','data structures temel yapılar nelerdir?','2020-02-05','891234567'),
('906','yapay zeka dünyayı ele geçirecek mi?','2020-12-19','579458913');

-- comment 

INSERT INTO comment VALUES
('234567891','900','2020-12-10 10:24:33.000 +0300','Katılmak istiyorum.'),
('579246813','900','2020-12-10 11:40:05.000 +0300','Katılım kısıtlarını açıklayabilir misiniz?'),
('573336813','901','2020-11-21 13:45:00.000 +0300','Sizce basit kodlama bilgisi olan biri hangi kaynaktan başlamalı?'),
('912345678','902','2020-10-12 10:12:11.000 +0300','2. Projeyi yaparken kullanmamız için önerdiğiniz araçlar var mı?'),
('678912345','903','2021-09-27 11:12:12.000 +0300','Birincisi'),
('789123456','903','2021-09-27 11:15:35.000 +0300','Birincisi'),
('123456789','903','2021-09-27 12:13:12.000 +0300','Birincisi'),
('567891234','903','2021-09-27 11:10:33.000 +0300','İkincisi'),
('579185413','903','2021-09-27 12:21:28.000 +0300','İkincisi'),
('357924681','903','2021-09-27 15:55:27.000 +0300','İkincisi'),
('814246813','903','2021-09-27 14:02:11.000 +0300','İkincisi'),
('345678912','904','2021-01-03 07:22:38.000 +0300', 'Çok yararlı bir çalışma olmuş.'),
('456789123','904','2021-01-03 07:27:45.000 +0300', 'Teşekkürler.'),
('579242574','905','2020-02-05 23:34:01.000 +0300','Güzel ödev sorusu.'),
('135792468','905','2020-02-05 20:12:03.000 +0300', 'Yığıtlar, listeler, sözlükler ve ağaçlar olabilir.'),
('579246813','906','2020-12-19 12:10:05.000 +0300','Korkulu rüyam.'),
('678912345','906','2020-12-19 15:13:00.000 +0300','Bir dizinin konusuydu ve orda ele geçirmişlerdi. Olabilir.'),
('814246813','906','2020-12-19 15:13:00.000 +0300', 'Kaçınılmaz bir son bu.'),
('912345678','906','2020-12-19 15:13:00.000 +0300','Böyle bir şey mümkün değil. Kendi programladığın kod senin istemediğin şeyleri yapamaz.');

-- likes

INSERT INTO likes VALUES
('579536743','900'),
('234543211','900'),
('635912345','900'),
('891234567','901'),
('135792468','901'),
('579242223','902'),
('579241414','902'),
('912345678','902'),
('345678912','904'),
('456789123','904'),
('123456789','904'),
('579458913','904'),
('135792468','904'),
('789123456','904'),
('579247813','904'),
('579242574','905'),
('579246363','905'),
('579223813','905'),
('579246813','906'),
('579242574','906'),
('912345678','906'),
('814246813','906'),
('678912345','906');

-- messages

INSERT INTO messages 
VALUES
('456789123','567891234','2020-11-12 07:00:35.000 +0300','Merhaba, makine mühendisliğinde okuyorum bir konuda yardım isteyecektim. Müsait misiniz?'),
('567891234','456789123','2020-11-12 07:01:11.000 +0300','Merhaba, evet müsaitim. Nasıl yardımcı olabilirim?'),
('456789123','567891234','2020-11-12 07:02:25.000 +0300','Mukavemet dersi için üst dönemlerden not arıyorum. Özel olarak ders esnasında tuttuğunuz notlar var mı?'),
('567891234','456789123','2020-11-12 07:10:23.000 +0300','Maalesef bende yok ancak Mert diye bir arkadaşım var. O da bu dersi almıştı ona da sorabilirsin.'),
('456789123','567891234','2020-11-12 07:11:23.000 +0300','Tamamdır, çok teşekkür ederim. İyi günler.'),
('567891234','456789123','2020-11-12 07:11:40.000 +0300','İyi günler.'),
('456789123','678912345','2020-11-12 07:50:20.000 +0300','Merhaba, mukavemet dersi için not arıyordum. Nisa size yazmamı söyledi. Rica etsem yardımcı olabilir misiniz?'),
('678912345','456789123','2020-11-12 08:51:12.000 +0300','Merhaba, tabii ki yardım ederim. 100 sayfalık notum var istersen salı günü bunun için bölümde görüşebiliriz.'),
('456789123','678912345','2020-11-12 08:53:11.000 +0300','Çok teşekkür ederim. Salı günü saat 15te görüşmek üzere.'),
('678912345','456789123','2020-11-12 08:54:23.000 +0300','Görüşmek üzere.'),
('357924681','789123456','2021-10-23 12:10:03.000 +0300','Merhaba, Tıp ile ortak aldığımız bir ders için tıp fakültesine gelmiştim. Hemşirelikten tıpa geçmek istiyorum. Bana ne tavsiye verirsiniz?'),
('789123456','357924681','2021-10-23 15:30:30.000 +0300','Merhaba, bence tıp çok zor bir bölüm. Ben de tıpı bırakmak istiyorum bu yüzden tavsiye veremem, üzgünüm.'),
('123456789','234567891','2022-02-02 15:20:23.000 +0300','Merhaba Selim, 1 hafta sonra data governance alanında bir konferans düzenlenecekmiş. Katılmak ister misin?'),
('234567891','123456789','2022-02-02 15:33:33.000 +0300','Merhaba, bilgilendirdiğin için çok teşekkür ederim. Etkinliğin hakkında başka ayrıntı var mı?'),
('123456789','234567891','2022-02-02 15:34:03.000 +0300','11 Şubatta GDG tarafından gerçekleştirilecekmiş ve etkinlik 3 gün sürecekmiş.'),
('234567891','123456789','2022-02-02 15:35:50.000 +0300','Tamamdır Hümeyra. Takvimime kaydediyorum.');

-- submits

INSERT INTO submits (asg_name, course_id, user_id, submit_date,grade)
VALUES	('Odev1','1100101','5190000001','2022-02-05 00:00:00+03','80'),
		('Odev1','1100101','5190000022','2022-02-04 00:00:00+03','100'),
		
		('Odev1','2200013','5150000073','2022-02-01 00:00:00+03','70'),
		('Odev1','2200013','5150000045','2022-02-09 00:00:00+03','75'),
		
		('Odev2','1100122','5200000043','2022-01-20 00:00:00+03','90'),
		('Odev2','1100122','5200000032','2022-01-29 00:00:00+03','80'),
		
		('Proje2','1100019','5210000053','2022-02-09 00:00:00+03','65'),
		('Proje2','1100019','5210000072','2022-02-025 00:00:00+03','85'),
		
		('Proje3','1100055','5180000084','2022-02-08 00:00:00+03','80'),
		('Proje3','1100055','5190000053','2022-02-06 00:00:00+03','100');